event_id,event_name,event_date,location,genre
event1,Versatile stable array,2023-05-30,South Jenniferview,Blues
event2,Diverse motivating flexibility,2024-08-05,Marcshire,Country
event3,Polarized multi-state moratorium,2022-12-19,Jenniferburgh,Reggae
event4,Function-based object-oriented standardization,2024-02-22,Martinezfort,R&B
event5,Re-contextualized user-facing open architecture,2024-05-11,North Mackenzie,Reggae
event6,Future-proofed impactful concept,2023-08-01,Emilystad,Blues
event7,Re-engineered zero tolerance solution,2024-05-27,Lake Jeremy,Hip Hop
event8,Reduced clear-thinking superstructure,2023-08-21,Mitchellside,Reggae
event9,Innovative multimedia focus group,2023-09-18,West Alexanderbury,Reggae
event10,Operative cohesive artificial intelligence,2024-01-07,Terryburgh,R&B
event11,Public-key optimizing analyzer,2023-01-25,New Makaylahaven,Classical
event12,Sharable global attitude,2024-05-21,West Melissaberg,Reggae
event13,Versatile fresh-thinking time-frame,2022-12-26,Bairdhaven,Electronic
event14,Optional even-keeled instruction set,2024-05-23,South Christine,Classical
event15,Polarized leadingedge hierarchy,2022-12-26,West Nancy,Jazz
event16,Self-enabling 24/7 benchmark,2022-10-24,Jacquelinefurt,Classical
event17,Profit-focused executive knowledge user,2023-05-15,East Mathew,Pop
event18,Virtual 24/7 system engine,2024-04-06,New Amanda,Reggae
event19,Grass-roots optimal structure,2023-05-24,Jimenezchester,Reggae
event20,Assimilated context-sensitive Internet solution,2022-11-11,South James,R&B
event21,Universal 4thgeneration array,2022-09-07,South Craigburgh,Classical
event22,Monitored multi-tasking extranet,2023-05-09,South Stevenport,Reggae
event23,Customizable fault-tolerant intranet,2024-02-06,Langchester,Country
event24,Robust methodical installation,2022-09-17,Davidmouth,Reggae
event25,Re-contextualized clear-thinking frame,2022-12-30,Jasmineland,Classical
event26,Total next generation frame,2024-01-03,Lake Stephaniemouth,Pop
event27,Persevering cohesive definition,2023-04-17,Lindamouth,Blues
event28,Sharable leadingedge capacity,2023-12-23,West Teresa,Reggae
event29,Grass-roots fault-tolerant extranet,2022-12-13,North Lauraland,Jazz
event30,Fundamental exuding neural-net,2024-02-14,Joannastad,R&B
event31,Reverse-engineered user-facing matrices,2023-01-14,East Brady,Pop
event32,Pre-emptive optimizing help-desk,2023-04-16,Reedport,Hip Hop
event33,Sharable needs-based throughput,2023-06-11,Emilystad,Blues
event34,Extended multi-tasking attitude,2023-06-30,Kennethfort,Classical
event35,Triple-buffered high-level structure,2022-10-24,Reneeton,Reggae
event36,Synchronized intangible open architecture,2023-08-15,Lake Andrew,Rock
event37,Progressive directional superstructure,2023-06-07,East Christopher,Blues
event38,Expanded real-time paradigm,2024-06-20,Lake Kenneth,Jazz
event39,Progressive non-volatile info-mediaries,2024-04-07,Sherrymouth,Rock
event40,Managed intermediate paradigm,2023-04-11,Anthonyfurt,Rock
event41,Robust national analyzer,2023-02-08,Charleston,Reggae
event42,Synchronized analyzing Graphic Interface,2024-01-10,West Kelsey,Hip Hop
event43,Mandatory zero-defect emulation,2022-12-13,North Sarah,Hip Hop
event44,Exclusive next generation migration,2022-12-03,South Tinaborough,Electronic
event45,Virtual analyzing neural-net,2024-01-15,Tomside,Classical
event46,Sharable regional database,2023-10-22,New Cathy,Classical
event47,Compatible modular leverage,2023-06-27,Contrerastown,Blues
event48,Organic homogeneous moderator,2023-03-22,South Harold,Jazz
event49,Realigned optimizing protocol,2023-08-25,Whiteheadhaven,Country
event50,Multi-lateral national database,2022-09-15,Lake Ericville,Hip Hop
event51,Devolved dynamic middleware,2023-09-07,East Sheila,Country
event52,Adaptive contextually-based alliance,2023-10-07,West Carolyn,Classical
event53,User-centric systematic instruction set,2023-12-12,Gregoryborough,Pop
event54,Balanced fault-tolerant functionalities,2023-10-13,East Jessica,Jazz
event55,Realigned systematic solution,2023-10-05,New Jasonstad,R&B
event56,Function-based zero tolerance orchestration,2023-12-11,East Melissafort,Pop
event57,Enterprise-wide national Local Area Network,2023-10-16,Marquezstad,Pop
event58,Public-key stable concept,2024-03-13,New Williamstad,Country
event59,Decentralized disintermediate help-desk,2023-09-17,Zavalaton,Pop
event60,Automated national functionalities,2023-09-01,Ryantown,Rock
event61,Cross-platform upward-trending Local Area Network,2024-03-19,Clarkfurt,Country
event62,Compatible high-level project,2023-01-05,Johnsonfort,Country
event63,Centralized attitude-oriented secured line,2023-04-04,Lopezchester,Country
event64,Horizontal content-based process improvement,2023-06-17,Hernandezstad,Classical
event65,Customizable local process improvement,2023-12-26,Jonesstad,Hip Hop
event66,Multi-layered 24/7 artificial intelligence,2022-10-02,Port Peterchester,Blues
event67,Distributed transitional forecast,2023-02-26,Lake Meganmouth,Classical
event68,Object-based neutral synergy,2024-03-25,New Teresa,Rock
event69,Right-sized empowering open system,2022-12-11,Pereztown,Blues
event70,Assimilated zero tolerance orchestration,2024-08-02,Darrylfurt,Electronic
event71,User-friendly actuating customer loyalty,2024-05-01,Juliemouth,R&B
event72,Persistent fault-tolerant definition,2023-11-05,New Kimberly,Blues
event73,Secured impactful project,2024-06-19,Port Jeffrey,Reggae
event74,User-centric bottom-line middleware,2022-10-25,New Susan,Country
event75,Integrated optimizing intranet,2023-01-21,Garyland,Reggae
event76,Customizable intangible application,2023-10-28,Rowlandborough,R&B
event77,Cloned hybrid implementation,2023-05-26,Donmouth,Jazz
event78,Innovative reciprocal software,2023-06-12,Jenniferburgh,Electronic
event79,Re-engineered systematic architecture,2023-03-09,South Johnview,Classical
event80,Reverse-engineered empowering workforce,2023-12-12,Randyburgh,Classical
event81,Multi-tiered fault-tolerant concept,2024-05-19,South Craig,Pop
event82,Public-key upward-trending intranet,2023-02-28,Cameronview,Hip Hop
event83,Devolved analyzing success,2024-03-25,North Jordanton,Rock
event84,Open-architected high-level hierarchy,2023-05-12,West Angela,Reggae
event85,Profound 3rdgeneration hub,2023-04-15,Webstershire,R&B
event86,Multi-channeled 24hour structure,2023-04-05,Lake Diamond,Reggae
event87,Devolved exuding application,2023-10-14,Tiffanymouth,Rock
event88,Front-line radical productivity,2023-11-24,Keithstad,Classical
event89,Reactive object-oriented hardware,2024-07-09,Sarafurt,Jazz
event90,De-engineered radical Graphic Interface,2023-07-06,South Gabrielle,Hip Hop
event91,Pre-emptive intermediate product,2023-07-28,Johnsontown,Jazz
event92,Organized homogeneous open architecture,2023-01-12,Bradyside,Reggae
event93,Cross-platform web-enabled architecture,2022-11-30,East Margaret,Electronic
event94,Multi-channeled tertiary contingency,2023-10-31,Port Ethan,Reggae
event95,Cloned logistical monitoring,2024-02-19,Dalebury,Hip Hop
event96,Configurable systemic customer loyalty,2023-01-29,North Christinamouth,Jazz
event97,Enhanced fresh-thinking algorithm,2023-08-20,Port Andrea,Blues
event98,Universal impactful algorithm,2024-07-17,Kimberlyfort,Classical
event99,Multi-channeled homogeneous knowledge user,2023-01-22,Turnerhaven,Rock
event100,Diverse user-facing attitude,2024-03-30,New Bethfort,Hip Hop
